键名,中文（改这一列）,English（改这一列）,占位符（别改）,分组,用在哪一页,说明
ok,好,OK,,Common,首页 / 故事页 · 换封面,
cancel,取消,Cancel,,Common,底部标签栏（计划 / 拍摄） / 设置页「我」 / 输邀请码加入房间 等 11 处,
done,完成,Done,,Common,设置页「我」 / 回看页 · 调色面板 / 草稿箱 等 4 处,
save,保存,Save,,Common,自己建题目模板 / 故事页 · 顶部,
apply,应用,Apply,,Common,成片页,
delete,删除,Delete,,Common,回看页 · 表情和留言 / 自己写题目（AI 写瞬间）,
paste,粘贴,Paste,,Common,输邀请码加入房间,
settings,设置,Settings,,Common,首页,
language,语言,Language,,Common,设置页「我」,
systemLanguage,跟随系统,System,,Common,间接引用（拼在别的文案里）,
languageFootnote,“跟随系统”会使用设备语言。模板、拍摄提示和菜单会立即切换。,"“System” follows your device language. Templates, prompts, and menus switch instantly.",,Common,设置页「我」,
notifications,通知,Notifications,,Common,设置页「我」,
eveningReminder,晚间拍摄提醒,Evening capture reminder,,Common,设置页「我」,
eveningReminderFooter,每天最多一条。当天已经拍完就不会提醒。,At most one each day. Completed moments are never reminded.,,Common,设置页「我」,
reminderTime,提醒时间,Reminder time,,Common,设置页「我」 / 第一次开通知的说明页,
friendActivity,好友动态,Friend activity,,Common,设置页「我」,
friendActivityFooter,好友上传片段、评论或回应时通知你。相近动态会合并。,"Get notified for friends’ clips, comments, and reactions. Nearby activity is bundled.",,Common,设置页「我」,
showFriendNames,在通知中显示好友名字,Show friend names in notifications,,Common,设置页「我」,
sharedRooms,共享挑战,Shared challenges,,Common,设置页「我」 / 设置 · 按房间管通知,
allRoomsOn,都开着,All on,,Common,设置 · 按房间管通知,"Sits under the friend-activity switch as a summary of the room list one level down, so you can tell at a glance whether anything is muted."
roomsMuted,静音了 \(count) 个,\(count) muted,YES,Common,设置 · 按房间管通知,
sharedRoomsFooter,关掉某个房间，就不再收到那边的动态，其他房间照常。,Turn a room off and it stops writing to you. The others carry on.,,Common,设置 · 按房间管通知,
notificationPermissionDenied,系统通知已关闭。请到 iPhone 设置中允许 1Day 通知。,Notifications are off in iPhone Settings. Allow notifications for 1Day to use this.,,Common,设置页「我」,
openSettings,打开系统设置,Open Settings,,Common,设置页「我」 / 拍摄页,
notificationPrimerTitle,留住今天的瞬间？,Keep today’s moment?,,Common,第一次开通知的说明页,
notificationPrimerBody,每天最多一次，在你选择的时间提醒你。拍完后不会再提醒。,"Get at most one reminder at your chosen time. Once you record, it stays quiet.",,Common,第一次开通知的说明页,
notificationPrimerFootnote,你可以随时在“设置”中关闭或改时间。,You can turn this off or change the time in Settings anytime.,,Common,第一次开通知的说明页,
enableEveningReminder,开启晚间提醒,Enable evening reminder,,Common,第一次开通知的说明页,
recordNow,现在拍摄,Record now,,Common,NotificationCoordinator,
remindInOneHour,1 小时后提醒,Remind me in 1 hour,,Common,NotificationCoordinator,
eveningOneDayReminder,今天还差 \(remaining) 个瞬间，留一个给此刻吧。,"\(remaining) moment\(remaining == 1 ? """" : ""s"") left today. Save one for now.",YES,Common,晚间提醒的手机通知,英文里有单复数判断（1 段 / 2 段），所以这一栏锁住了 —— 想改英文跟我说，我在代码里改。
roomClipActivity,\($0) 刚上传了第 \(day) 天的片段。,\($0) just added their Day \(day) clip.,YES,Common,好友动态的手机通知,
roomCommentActivity,\($0) 评论了你们的片段。,\($0) commented on your shared film.,YES,Common,好友动态的手机通知,
roomReactionActivity,\($0) 回应了你们的片段。,\($0) reacted to your shared film.,YES,Common,好友动态的手机通知,
dayN,第 \(day) 天,Day \(day),YES,Models,故事标题 / 瞬间名的组装 / 时长和日期的组装 / 回看页（拍完看这一段） 等 5 处,
seconds,\(value) 秒,\(value)s,YES,Models,ModelDisplayText / 时长和日期的组装,
unitName,个瞬间,moment,,Models,故事标题 / 瞬间名的组装,
unitNamePlural,个瞬间,moments,,Models,故事标题 / 瞬间名的组装,
momentWord,个瞬间,moment,,Models,间接引用（拼在别的文案里）,"The word ""moment"", agreeing with a count. English needs this and Chinese doesn't, which is exactly how ""Preview · 1 moments"" got shipped: every caller wrote the"
storyLabel,一日影片,1-day film,,Models,故事标题 / 瞬间名的组装,
fullTitle7Days,7 天\(name),7 Days of \(name),YES,Models,新建故事,
startToday,开始今天,Start today,,Home,间接引用（拼在别的文案里）,
enterInviteCode,输入邀请码,Enter invite code,,Home,输邀请码加入房间 / 首页,
newStory,新建故事,New story,,Home,首页,
headerDateProgress,今天 \(recorded)/\(total),Today \(recorded)/\(total),YES,Home,HomeHeaderSummary,"Home header progress, beside the date: ""今天 1/7""."
couldntJoin,无法加入,Couldn't join,,Home,首页,
leaveRoom,退出房间,Leave room,,Home,首页 / 故事页,
deleteChallenge,删除挑战,Delete challenge,,Home,首页 / 故事页,
deleteStoryTitle,删除《\(name)》？,Delete “\(name)”?,YES,Home,首页 / 故事页,"Deleting a story and leaving a room are one menu item but two very different outcomes, and the difference is exactly what someone needs to know before they tap."
deleteStoryWarning,连 \(clipCount) 段一起删，删完没了。,"The \(clipCount) clip\(clipCount == 1 ? """" : ""s"") you filmed will be deleted too. This can’t be undone.",YES,Home,首页 / 故事页,英文里有单复数判断（1 段 / 2 段），所以这一栏锁住了 —— 想改英文跟我说，我在代码里改。
deleteStoryWarningEmpty,删了就没了。,This story will be deleted from this device. This can’t be undone.,,Timeline,首页 / 故事页,同一句的另一支：一段都没拍的时候显示这句（测试要求它不能出现数字）。
leaveRoomTitle,退出《\(name)》？,Leave “\(name)”?,YES,Home,首页 / 故事页,
leaveRoomWarning,这台设备上就看不到这个房间了。你已经拍的片段还留在房间里，其他人照常能看。,The room disappears from this device. The clips you filmed stay in it — everyone else can still see them.,,Home,首页 / 故事页,
history,历史,HISTORY,,Home,间接引用（拼在别的文案里）,
joining,加入中…,Joining…,,Home,首页,
joinShort,加入,Join,,Home,首页,"On the header pill next to 新建, so the icon isn't the only clue."
haveInviteCode,我有邀请码,I have an invite code,,Home,首页,
firstRunHeadline,把今天，留成一支片,Turn today into one film,,Home,第一次打开的引导页,
firstRunThreeMoments,个两秒瞬间,two-second moments,,Home,第一次打开的引导页,
firstRunOneFilm,支属于你的短片,film that is yours,,Home,第一次打开的引导页,
firstRunEquationAccessibility,三个两秒瞬间，成为一支属于你的短片,Three two-second moments become one film that is yours,,Home,第一次打开的引导页,
firstRunGuide,选一个故事 · 拍 3 个瞬间 · 1Day 为你做成影片,Choose a story · film 3 moments · 1Day makes the film,,Home,第一次打开的引导页,
firstRunStart,开始我的第一支片,Start my first film,,Home,第一次打开的引导页,
firstRunStartHint,创建一支包含三个瞬间的个人短片。,Creates a personal film with three moments.,,Home,第一次打开的引导页,
firstRunJoin,有邀请码？加入朋友,Have an invite? Join friends,,Home,第一次打开的引导页,
firstRunSampleFilmAccessibility,1Day 示例影片预览,1Day sample film preview,,Home,第一次打开的引导页,
firstRunSampleFilmPlay,播放示例影片,Play sample film,,Home,第一次打开的引导页,
firstRunSampleFilmPause,暂停示例影片,Pause sample film,,Home,第一次打开的引导页,
quickStartTitle,我的一天,My day,,Home,出错提示 / 第一次打开的引导页,
inviteHint,向朋友要 6 位邀请码。,Ask your friend for the 6-character code.,,Home,输邀请码加入房间,
inviteCodeFormatHint,可以直接粘贴整段邀请文字。,Paste the whole invite if you have it.,,Home,输邀请码加入房间,
joinRoomButton,加入房间,Join room,,Home,输邀请码加入房间,"Not ""today's room"": a room can be a seven-day story, and the button said otherwise on every one of them."
oneDayProgress,\(recorded)/\(total) 个瞬间 · 每段 \(secondsLabel) · 24 小时影片,\(recorded)/\(total) \(secondsLabel) \(momentWord(total)) · 24-hour film,YES,Home,间接引用（拼在别的文案里）,
titlePrompt,我的一日故事…,My 1-day story...,,New challenge,新建故事 · 海报和设置,
modeOneDay,一日,1-Day,,New challenge,新建故事 · 海报和设置,
modeSevenDay,七日,7-Day,,New challenge,新建故事 · 海报和设置,
clipLengthHeader,片段时长,CLIP LENGTH,,New challenge,间接引用（拼在别的文案里）,
deleteTemplate,删除模板,Delete template,,New challenge,新建故事 · 海报和设置 / 新建故事 · 题目卡片,
editTemplate,编辑模板,Edit template,,New challenge,自己建题目模板 / 新建故事 · 海报和设置 / 新建故事 · 题目卡片,
buildYourOwn,自己搭一个,Build your own,,New challenge,自己建题目模板,
withFriends,和朋友一起,With friends,,New challenge,新建故事 · 海报和设置,
createRoom,创建房间,Create room,,New challenge,新建故事,
promptN,第 \(number) 个拍摄标题,Capture title \(number),YES,New challenge,自己建题目模板 / 新建故事 · 海报和设置 / 故事页 · 顶部,
friend,朋友,Friend,,Board,间接引用（拼在别的文案里）,
shareMessageCaptured,我刚在 1Day 为「\(title)」拍下了\(first)。快来加入我的挑战！邀请码：\(code)\noneday://join?code=\(code),I just captured \(first) for “\(title)” on 1Day. Join my challenge! Code: \(code)\noneday://join?code=\(code),YES,Board,故事页,
shareMessageInvite,来 1Day 加入我的「\(title)」挑战！邀请码：\(code)\noneday://join?code=\(code),Join my “\(title)” challenge on 1Day! Code: \(code)\noneday://join?code=\(code),YES,Board,故事页,
recordedProgress,\(total) \(unitPlural)中已录 \(recorded) 段（\(secondsLabel)）,\(recorded) of \(total) \(secondsLabel) \(unitPlural) recorded,YES,Board,间接引用（拼在别的文案里）,
momentCount,24 小时，\(total) 个瞬间,\(total) \(momentWord(total)) in 24 hours,YES,Board,间接引用（拼在别的文案里）,
record,拍摄,Record,,Board,间接引用（拼在别的文案里）,
lockedSlot,第 \(day) 个瞬间,Moment \(day),YES,Board,故事页 / 故事页 · 九宫格,
retake,重拍,Retake,,Record,拍摄页,
useClip,使用这段,Use clip,,Record,拍摄页,
surfacePlans,计划,Plans,,Record,底部标签栏（计划 / 拍摄）,
surfaceCamera,拍摄,Camera,,Record,底部标签栏（计划 / 拍摄）,
freeformSlot,自由拍摄,Free-form,,Record,底部标签栏（计划 / 拍摄）,
fileToPlan,存入计划,File to a plan,,Record,拍摄页,
fileThisClipTo,把这段视频存入…,File this clip to…,,Record,拍摄页,
makePlanFirst,先在计划页创建一个计划,Make a plan first in Plans,,Record,拍摄页,
filedTo,已存入「\(title)」,Filed to “\(title)”,YES,Record,拍摄页 / 草稿箱,
tapToStop,点按停止,Tap to stop,,Record,拍摄页,
orientationHeader,画幅,Orientation,,Record,间接引用（拼在别的文案里）,
orientationPortrait,竖屏,Portrait,,Record,草稿箱 / 新建故事 · 海报和设置,
orientationLandscape,横屏,Landscape,,Record,草稿箱 / 新建故事 · 海报和设置,
orientationSquare,正方形,Square,,Record,草稿箱 / 新建故事 · 海报和设置,
switchOrientation,切换画幅,Switch frame,,Record,拍摄页,
flipCamera,切换前后摄像头,Flip camera,,Record,拍摄页,
customZoom,自定义,Custom,,Record,拍摄页 · 相机上的控件,
closeCustomZoom,收起自定义倍数,Close custom zoom,,Record,拍摄页 · 相机上的控件,
zoomTo,缩放 \(value),Zoom \(value),YES,Record,拍摄页 · 相机上的控件,
zoomSlider,缩放倍数,Zoom level,,Record,拍摄页 · 相机上的控件,
orientationName,竖屏,portrait,,Record,间接引用（拼在别的文案里）,"The frame a clip was filmed in, named the way the picker names it — so ""no landscape plan yet"" and the row that would have created one agree.  Taken as the orie"
noMatchingPlan,没有\(kind)计划，先创建一个,No \(kind) plan yet — create one first,YES,Record,拍摄页,
saveAsDraft,先存起来,Keep it for now,,Record,拍摄页,
createStoryNow,现在就建个故事,Start a story now,,Record,拍摄页,
noPlaceYet,这段还没有地方放,Nowhere to put this yet,,Record,拍摄页,
keepClipQuestion,这段还没归档,This clip isn't filed yet,,Record,底部标签栏（计划 / 拍摄） / 拍摄页,
keepClip,保留,Keep,,Record,底部标签栏（计划 / 拍摄） / 拍摄页,
discardClip,丢弃,Discard,,Record,底部标签栏（计划 / 拍摄） / 拍摄页,
keepClipFootnote,「保留」会存进草稿，之后再决定放进哪个故事。「丢弃」之后这段就找不回来了。,Keep puts it in drafts to file later. Discard means it's gone.,,Record,拍摄页,"Names where ""keep"" puts it. Without this the two buttons are a coin toss — nobody should have to guess whether ""保留"" means it goes somewhere findable or just sta"
draftSaveFailed,这段没保住，再试一次？,Couldn't keep this clip. Try again?,,Record,拍摄页,
draftKept,已存起来,Kept for later,,Record,拍摄页,
draftsPending,\(count) 段待归档,\(count) waiting to be filed,YES,Record,草稿箱,
draftsTitle,待归档,Waiting to be filed,,Record,草稿箱,
draftsEmpty,没有待归档的片子。录完找不到地方放的时候，会先存到这里。,Nothing waiting. Clips with nowhere to go get kept here.,,Record,草稿箱,
archiveDraft,归档到…,File to…,,Record,草稿箱,
deleteDraft,删除,Delete,,Record,草稿箱,
draftArchiveFailed,没归档成功，片子还在这儿,Couldn't file it. The clip is still here.,,Record,草稿箱,
storyIsFull,这个故事满了，没有空位,That story is full — no slot left.,,Record,拍摄页 / 草稿箱,"Every slot in that story already holds a clip. Filing here would have to overwrite one, so it doesn't."
noPlaceForDraft,还没有\(kind)的故事能放这段,No \(kind) story can take this yet,YES,Record,草稿箱,"No matching story for this clip's frame, from inside the drafts list — where ""retake"" isn't an option, so it says what would help instead."
draftsTotalSize,共占用,Using,,Record,草稿箱,
cameraUnavailable,相机不可用,Camera not available,,Record,拍摄页,
retryCamera,重新打开相机,Try camera again,,Record,拍摄页,
cameraDeniedTitle,还没允许使用相机,Camera access is off,,Record,拍摄页,"Said separately from ""camera not available"", because the way out is different: iOS won't ask a second time, so retrying here can never work."
cameraDeniedFootnote,系统只会问一次。到「设置 → 1Day → 相机」打开就可以接着拍。,iOS only asks once. Turn it on in Settings → 1Day → Camera and you're back.,,Record,拍摄页,
useDemoClip,为「\(title)」使用示例片段,Use demo clip for \(title),YES,Record,拍摄页,
openingCamera,正在打开相机,Opening camera,,Record,拍摄页,
captureState,拍摄中 · \(secondsLabel),Recording · \(secondsLabel),YES,Record,拍摄页,
momentPosition,第 \(index) 个瞬间，共 \(total) 个,Moment \(index) of \(total),YES,Record,拍摄页 · 相机上的控件,"Spoken by the progress bars over the camera. There is no visible version of this — the bars themselves say it, and they only appear when the numbers in them are"
addCaption,加一句字幕,add a caption,,Record,拍摄页 · 相机上的控件,
writeOnMoment,给这个瞬间写点什么,Write on this moment,,Record,拍摄页 · 相机上的控件,
rerecord,重录这一天,Re-record this day,,Clip preview,间接引用（拼在别的文案里）,
rerecordShort,重拍,Retake,,Clip preview,回看页（拍完看这一段）,"The same action as `rerecord`, for a chip sitting on top of the video where ""Re-record this day"" wraps to two lines and stops being a chip."
thisMoment,这个瞬间,This moment,,Clip preview,回看页（拍完看这一段）,"The review screen's card of things you can do to one moment, and the button that gives the clip the whole display when you want it."
addReaction,加个表情,Add a reaction,,Clip preview,回看页 · 表情和留言,
meTitle,我,Me,,Clip preview,设置页「我」,"The settings screen, which leads with who you are rather than with a list of switches."
tapToRename,点这里改名字,Tap to rename,,Clip preview,设置页「我」,
signedInWithApple,已用 Apple ID 登录,Signed in with Apple,,Clip preview,设置页「我」,
statStories,故事,Stories,,Clip preview,设置页「我」,
statMoments,瞬间,Moments,,Clip preview,设置页「我」,
statFinished,拍完了,Finished,,Clip preview,设置页「我」,"Stories with every moment filmed. Deliberately not ""films exported"" — nothing tracks exports, and a number the app can't actually count is worse than one it can"
anyEmojiPlaceholder,或者打任意表情,Or type any emoji,,Clip preview,回看页 · 表情和留言,
captionAction,加字幕,Caption,,Clip preview,回看页（拍完看这一段）,"The chip that opens the caption editor. `addCaption` is the placeholder *inside* the editor, which is a sentence; this is a button, which isn't."
comments,评论,Comments,,Clip preview,间接引用（拼在别的文案里）,
firstComment,抢个沙发，说点什么吧。,Be the first to say something.,,Clip preview,回看页 · 表情和留言,
addComment,写评论…,Add a comment…,,Clip preview,回看页 · 表情和留言,
lookTitle,柔和一点,A gentler look,,How you look,回看页 · 调色面板,"Never ""美颜"" and never ""beauty"". Both words presume something is wrong with the face in the picture; the phone's camera is what was unkind."
lookFootnote,只改回看和成片。原片一直在，随时能关。,Changes playback and the film only. The recording is untouched.,,How you look,回看页 · 调色面板,"The promise, said out loud on the screen where it matters: the file is never touched, so this is always undoable."
lookExposure,亮度,Exposure,,How you look,回看页 · 调色面板,"The three dials. Named for what the camera got wrong, not for the Core Image filter underneath — nobody films thinking ""my white point is off""."
lookTemperature,色温,Warmth,,How you look,回看页 · 调色面板,
lookContrast,对比,Contrast,,How you look,回看页 · 调色面板,
lookReset,复位,Reset,,How you look,回看页 · 调色面板,Puts all three dials back to centre.
lookHoldToCompare,按住看原片,Hold to see the original,,How you look,回看页 · 调色面板,
lookRemember,以后都这样看,Keep this from now on,,How you look,回看页 · 调色面板,
lookRememberFootnote,关掉的话，下次打开 app 就回到原样 —— 这次调的只算这次。,"With this off, the app opens on “As shot” next time — today's choice is just for today.",,How you look,回看页 · 调色面板,
sequence,顺序,Sequence,,Final reel,成片页,
saving,保存中…,Saving…,,Final reel,成片页 · 底部按钮,
stitchFailed,合成失败,Stitching failed,,Final reel,成片页,
yourFilmIsHere,你的影片来了,Your film is here,,Final reel,故事页,
reminderBody,第 \(day) 天到了，来记录今天的瞬间,Day \(day) is here — capture today's moment,YES,Final reel,晚间提醒的手机通知,
reminderBodyWithPrompt,第 \(day) 天 · \(prompt) — 来记录今天,Day \(day) · \(prompt) — time to capture it,YES,Final reel,晚间提醒的手机通知,
stitching,正在把你的片段合在一起…,Stitching your week together…,,Final reel,间接引用（拼在别的文案里）,
photosDenied,需要相册权限才能保存视频。,Photos access is needed to save the video.,,Final reel,成片页,
savedToPhotos,已保存到相册。,Saved to Photos.,,Final reel,成片页,
saveFailed,保存视频失败：\(error),Couldn't save video: \(error),YES,Final reel,成片页,
titleCardSubtitleOneDay,一日影片 · \(recorded)/\(total) 个瞬间 · 每段 \(secondsLabel),1-day film · \(recorded)/\(total) \(secondsLabel) \(momentWord(total)),YES,Final reel,成片页,
overlays,叠层,Overlays,,Adjust sheet,成片页,
openingTitleCard,开场标题卡,Opening title card,,Adjust sheet,成片页,
dayCaptions,日期字幕,Day captions,,Adjust sheet,成片页,
transition,转场,Transition,,Adjust sheet,成片页,
cut,硬切,Cut,,Adjust sheet,成片页,
hardCutsFooter,0 = 硬切，日记感更利落。,0 = hard cuts for a snappier diary film.,,Adjust sheet,成片页,
adjust,调整,Adjust,,Adjust sheet,成片页 · 底部按钮 / 成片页,
editPlan,编辑计划,Edit plan,,Adjust sheet,故事页 / 故事页 · 顶部,
planTitle,计划名称,Plan name,,Adjust sheet,故事页 · 顶部,
captureTitles,拍摄标题,Capture titles,,Adjust sheet,故事页 · 顶部,
editPlanFootnote,修改会保存到这台设备，不会更改朋友设备上的标题。,Changes stay on this device and do not rename titles on your friends’ devices.,,Adjust sheet,故事页 · 顶部,
yourOrder,你的顺序（\(count)）,YOUR ORDER (\(count)),YES,Build template,自己建题目模板,
promptPool,提示词库,PROMPT POOL,,Build template,自己建题目模板,
nameYourTemplate,给模板起个名字,Name your template,,Build template,自己建题目模板,
saveToTemplateLibrary,存进我的模板库,Save to my template library,,Template library & covers,自己写题目（AI 写瞬间）,
saveToTemplateLibraryNote,下次开新故事，这套题目还在，直接选就行。,"Next time you start a story, this set of prompts is still there.",,Template library & covers,自己写题目（AI 写瞬间）,
templateCoverLabel,封面,COVER,,Template library & covers,自己建题目模板 / 自己写题目（AI 写瞬间）,
chooseCoverFromPhotos,从相册选一张,Choose from photos,,Template library & covers,题目封面选择,
presetCoverHeading,选一个喜欢的场景,Choose a scene,,Template library & covers,题目封面选择,
automaticCover,自动搭配,Automatic,,Template library & covers,题目封面选择,
matchedCoverNote,不选也行，会按你写的题目配一张。,Or leave it — we'll match one to the prompts you wrote.,,Template library & covers,题目封面选择,
recordTogether,一起记录,Record together,,Sign in,登录,
signInBody,登录后朋友就能看到每段视频是谁拍的。\n我们只使用你的名字。,Sign in so friends can see who filmed each clip.\nWe only use your name.,,Sign in,登录,
notNow,先不了,Not now,,Sign in,第一次开通知的说明页 / 登录,
errorSignInFirst,先用 Apple 登录，才能和朋友一起拍摄。,Sign in with Apple first to record with friends.,,Errors (stores / services),出错提示,
errorICloud,请登录 iCloud（设置 ▸ 你的名字）才能和朋友一起拍摄。,Sign into iCloud (Settings ▸ your name) to record with friends.,,Errors (stores / services),房间同步失败时的报错,
errorNoRoom,没有这个邀请码的房间，请和朋友确认一下。,No room with that code. Double-check it with your friend.,,Errors (stores / services),房间同步失败时的报错,
errorIndexDeploying,房间还没准备好 — CloudKit 索引还在部署中。,Room isn't set up yet — the CloudKit index is still deploying.,,Errors (stores / services),房间同步失败时的报错,
errorNetwork,连不上 iCloud，检查一下网络再试。,Can't reach iCloud. Check your connection and try again.,,Errors (stores / services),房间同步失败时的报错,
greeting,夜深了,Still up,,Plans home,首页,Time-of-day greeting. The name is optional — a solo user never signs in.
todaysStory,今天的故事,Today's story,,Plans home,首页,
resumeStory,接着拍,Pick it back up,,Plans home,首页,"Used instead of `todaysStory` when nothing was started today but something is still unfinished — saying ""today's story"" then would be a lie about what the card "
startTodayLabel,今天,Today,,Plans home,首页,
startTodayBody,还没开始今天的故事,Today's story hasn't started,,Plans home,首页,
startTodayCTA,开始今天的故事,Start today's story,,Plans home,首页,
yourStories,你的故事,Your stories,,Plans home,HomeStories,"Heads the reverse-chronological list below today's story. Replaces the old ""your other plans"" / ""finished films"" split, which sorted by state and so couldn't an"
todayLabel,今天,Today,,Plans home,StoryTimeline,
yesterdayLabel,昨天,Yesterday,,Plans home,StoryTimeline,
continueTodaysStory,继续今天的故事,Continue today's story,,Plans home,首页 · 故事卡片,
watchYourFilm,看看你的影片,Watch your film,,Plans home,首页 · 故事卡片,
startTodaysStory,开始今天的故事,Start today's story,,Plans home,首页,
noStoryTitle,今天还没有故事,No story yet today,,Plans home,首页,
noStoryBody,选一种心情，拍下几个小瞬间，1Day 会把它们变成一部影片。,"Pick a mood, film a few tiny moments, and 1Day turns them into one film.",,Plans home,首页,
sharedLabel,共享,Shared,,Plans home,首页 · 故事卡片,
momentsShort,\(total) 个瞬间,\(total) \(momentWord(total)),YES,Plans home,新建故事 · 题目卡片,Chip-length moment count. `momentCount` is a full sentence and blows a capsule out to four lines.
templateRuntime,每段 \(secondsLabel),\(secondsLabel) each,YES,Plans home,新建故事 · 题目卡片,"""2s each"" — the per-clip length on a template card."
youLabel,你,You,,Plans home,房间成员名字的组装 / 故事页 · 时间线上的片段,
yoursLabel,自建,Yours,,Plans home,新建故事 · 题目卡片,
openMomentLabel,还没拍：\(moment),Still open: \(moment),YES,Plans home,首页 · 故事卡片,"One open moment, named on the home card so the story has a face on it.  It says ""还没拍"" rather than ""接下来"" on purpose: the button beside it opens this moment becau"
storyCardCaption,影片已经准备好了,Your film is ready,,Plans home,首页 · 故事卡片,
filmReadySubtitle,影片完成 · \(duration),Film ready · \(duration),YES,Plans home,首页 · 故事卡片,
customTemplateBlurb,你自己写的小脚本。,Your own little script.,,Plans home,ModelDisplayText,
noPrompts,无题目,No prompts,,Plans home,新建故事 · 题目卡片,
composerSetupStep,设置,Set it up,,Story composer,新建故事 · 海报和设置,
newStoryQuestion,今天会是什么故事？,What will today's story be?,,Story composer,新建故事 · 海报和设置,
pickOneCreatesIt,选一张，就建好了,One tap creates it,,Story composer,新建故事 · 海报和设置,"The one-screen composer: the poster *is* the submit button, so the label above the grid has to say so — there is no 下一步 left to imply it."
captionGestureHint,拖动移位置 · 两指捏大小 · 两指转角度,Drag to move · Pinch to resize · Twist to turn,,Story composer,回看页（拍完看这一段）,"Shown under a caption the first time it is selected, then never again. Three gestures, in the order people reach for them."
deleteCaptionAction,删除字幕,Delete caption,,Story composer,回看页（拍完看这一段）,"The ✕ on the selected caption's box, and the corner opposite it. Both are icon-only on screen, so these exist for VoiceOver and for the tests."
captionResizeHandle,缩放和旋转字幕,Resize and rotate caption,,Story composer,回看页（拍完看这一段）,
captionPlateSample,字,Aa,,Story composer,回看页（拍完看这一段）,"What the four backing samples say. One character in Chinese, two letters in English — enough to show the colour on the backing, short enough that four samples f"
captionPlateName,不加底,No backing,,Story composer,回看页（拍完看这一段）,"The samples are pictures, so these exist for VoiceOver and the tests."
captionEditAction,改字幕,Edit caption,,Story composer,回看页（拍完看这一段）,On the button once a caption exists: it edits rather than adds.
chatShort,聊天,Chat,,Story composer,回看页（拍完看这一段）,"Beside two other buttons on one row, so it is the short form."
avatarColourN,头像颜色 \(number),Avatar colour \(number),YES,Story composer,设置页「我」,"The seven dots under your avatar are colours, and a colour has no name worth saying out loud — numbered so VoiceOver can count them."
catchUpDayLabel,补第 \(day) 天 · \(moment),Catch up day \(day) · \(moment),YES,- A story's cover,首页 · 故事卡片,"On the home card when the button opens a day that isn't today, because today's is already filmed and an earlier one is missing."
openSystemSettings,打开系统设置,Open Settings,,- A story's cover,成片页 · 底部按钮,"Next to the ""needs photo access"" line, so the dead end has a door."
storyCoverTitle,换封面,Change cover,,- A story's cover,故事页 · 换封面 / 故事页,
coverFromClips,从拍好的片段里选,From what you filmed,,- A story's cover,故事页 · 换封面,"First of the three sources, because a frame out of the day is the most honest cover a story can have."
coverFromPhotos,从相册选一张,Choose from photos,,- A story's cover,故事页 · 换封面,
coverFromLibrary,素材库,Cover library,,- A story's cover,故事页 · 换封面,
useThisFrame,用这张,Use this one,,- A story's cover,故事页 · 换封面,"Confirms the lifted frame. The frame is on screen above it, so the word is 这张 and not ""保存""."
coverKeepFilming,改回跟着拍摄变,Follow what I film,,- A story's cover,故事页 · 换封面,"Back to the automatic cover — newest clip, then the poster. Named after what it does next, not after ""reset""."
nextReminderAt,下一次提醒：\(when),Next reminder: \(when),YES,- A story's cover,设置页「我」,Under the evening reminder switch: when it will actually go off.
reminderNothingToNudge,今天没有要提醒的故事 —— 建一个就会排上,Nothing to remind you about yet — start a story and it'll queue up,,- A story's cover,设置页「我」,"Nothing unfilmed means nothing to nudge about — true, and worth saying, because it is otherwise identical to a broken switch."
reminderBlocked,系统里关掉了通知，到「设置 › 通知 › 1Day」打开,Notifications are off in iOS Settings › Notifications › 1Day,,- A story's cover,设置页「我」,
coverFrameFailed,这张图没读出来，换一张试试,Couldn't read that picture. Try another.,,- A story's cover,故事页 · 换封面,
followPrompts,跟着题目拍,Follow prompts,,- A story's cover,间接引用（拼在别的文案里）,"The two halves of the one pill selector at the top of the screen. They filter what's below; they are not themselves a thing you ""pick"", which is why they're pil"
recordByTime,按时间拍,Record by time,,- A story's cover,间接引用（拼在别的文案里）,
rackByTime,按时间,By time,,- A story's cover,新建故事 · 海报和设置,"The same two choices as `followPrompts` / `recordByTime`, shortened to share one row with 一日 and 七日. Four segments in a Chinese pill leave about three character"
rackCustom,自己写,Your own,,- A story's cover,新建故事 · 海报和设置,
storySettingsTitle,故事设置,Story settings,,- A story's cover,新建故事 · 海报和设置,"The settings sheet behind a poster's gear, and the button that closes it by creating the story."
startFilmingCTA,开始拍,Start filming,,- A story's cover,新建故事,
noCustomTemplatesYet,还没有自己写的题目。写一组，它就留在这里。,No prompt sets of your own yet. Write one and it stays here.,,- A story's cover,新建故事 · 海报和设置,The empty 自己写 rack: no saved prompt sets yet.
customPromptsTitle,自己写题目,Write your own prompts,,- A story's cover,自己写题目（AI 写瞬间） / 新建故事 · 海报和设置,
customPromptsLead,说一句今天要干嘛，题目我来出,Say what today is for — I'll write the prompts,,- A story's cover,新建故事 · 海报和设置,"On the entry card at the top of the composer, where it has to say what the screen behind it actually does — that one is 说说今天要干嘛 with a sentence in and prompts o"
timeOnlyCaptionNote,字幕由你自己在每段片子上填写，1Day 只负责保留拍摄时间。,You write the captions on each clip; 1Day just keeps the time.,,- A story's cover,新建故事 · 海报和设置,
timeOnlySetupTitle,只记录时间,Time only,,- A story's cover,新建故事 · 海报和设置,
timeOnlySetupBody,拍下当下，1Day 会自动保留拍摄时间；画面上的文字由每个人自己填写。,Film the moment and 1Day keeps its time. Everyone can write their own caption.,,- A story's cover,新建故事 · 海报和设置,
timeOnlyMoment,拍下这一刻,Film this moment,,- A story's cover,成片生成中 / 首页 · 故事卡片,
timeOnlyReminder,现在的你在做什么？留两秒给这一刻。,What are you doing right now? Keep two seconds of it.,,- A story's cover,晚间提醒的手机通知,
next,下一步,Next,,- A story's cover,间接引用（拼在别的文案里）,
back,返回,Back,,- A story's cover,间接引用（拼在别的文案里）,
whoIsFilming,谁来拍,Who's filming,,- A story's cover,新建故事 · 海报和设置,
soloSetupSubtitle,几个小设置，今天就开始。,"A few details, then today begins.",,- A story's cover,新建故事 · 海报和设置,
createByYourself,自己来,By yourself,,- A story's cover,新建故事 · 海报和设置,
createByYourselfCaption,只在这台设备上,Stays on this device,,- A story's cover,新建故事 · 海报和设置,
createWithFriendsCaption,分享邀请码一起拍,"Share a code, film together",,- A story's cover,新建故事 · 海报和设置,
createRoomSubtitle,一起完成今天的故事。,Build today's story together.,,- A story's cover,新建故事 · 海报和设置,
roomExplainer,创建后房间里先只有你。把邀请码发出去，进来的人各自拍各自的瞬间，1Day 缝成一部影片。,"At first the room is just you. Share the invite code — whoever joins films their own moments, and 1Day stitches them into one film.",,- A story's cover,新建故事 · 海报和设置,"Shown before the room exists, so it has to say the room is empty. The composer used to show faces here instead, which read as ""these people are already in"" — no"
yourTakes,你 \(count) 个,you · \(count),YES,- A story's cover,故事页 · 顶部,"Beside the room's own count, so ""3/5"" can mean the day and this can mean me. Only shown when the two differ."
storyNameLabel,故事名字,Story name,,- A story's cover,自己写题目（AI 写瞬间） / 新建故事 · 海报和设置,
theMoments,\(count) 个瞬间,The moments · \(count),YES,Moments (composer),新建故事 · 海报和设置,"Carries the number, because it used to be hard-coded to seven and a three-moment story read ""七个瞬间"" over a list of three — a factual error the reader can see, on"
reviewMoments,查看/编辑,Review,,Moments (composer),新建故事 · 海报和设置,
hideMoments,收起,Hide,,Moments (composer),新建故事 · 海报和设置,
addMoment,加一个瞬间,Add a moment,,Moments (composer),新建故事 · 海报和设置,
writeYourOwn,写自己的,Write your own,,Moments (composer),间接引用（拼在别的文案里）,
useTheseMoments,就用这些,Use these,,Moments (composer),自己写题目（AI 写瞬间）,
guidedHeading,想拍什么，由你来写,Write what you might want to film,,Moments (composer),自己写题目（AI 写瞬间）,
guidedSubtitle,先写两个可能遇见的画面就够了。今天真正开始以后，随时还能增加或修改。,Start with two scenes you might encounter. Add or change them anytime once the day begins.,,Moments (composer),自己写题目（AI 写瞬间）,
guidedNamePlaceholder,给这一天起个名字…,Name this day…,,Moments (composer),自己写题目（AI 写瞬间）,
guidedFootnote,还差故事名字，和至少 2 个题目。,Still needs a name and at least 2 prompts.,,Moments (composer),自己写题目（AI 写瞬间）,"Says what ""就用这些"" is still waiting for. A grey button whose reason lives off-screen is a dead end, and the name field scrolls away first."
storyNameNeeded,保存前得先起个名字。,A name is needed before saving.,,Moments (composer),自己写题目（AI 写瞬间） / 新建故事,"Shown on the name card itself, where the fix is."
intentHeading,说说今天要干嘛,What's today for?,,Prompts from one sentence,自己写题目（AI 写瞬间）,
intentSubtitle,一句话就行。生成标题和题目，只填空白，不覆盖已有内容；每项都能改，也可以直接手写。,"One sentence suggests a title and prompts. Only blanks are filled; existing text stays. Edit anything, or write your own.",,Prompts from one sentence,自己写题目（AI 写瞬间）,
intentPlaceholder,比如：今天要搬家,For example: moving house today,,Prompts from one sentence,自己写题目（AI 写瞬间）,
suggestPrompts,出题目,Suggest prompts,,Prompts from one sentence,自己写题目（AI 写瞬间）,
suggestingPrompts,在想…,Thinking…,,Prompts from one sentence,自己写题目（AI 写瞬间）,
suggestFailed,这次没出来，先自己写吧。,Nothing came back — write your own.,,Prompts from one sentence,自己写题目（AI 写瞬间）,"Not an error dialog: the thing they were doing still works, and the list is right there. This only explains why nothing appeared."
suggestRateLimited,出得有点勤，等会儿再试。,That's a lot of asking. Try again later.,,Prompts from one sentence,自己写题目（AI 写瞬间）,
yourPrompts,想拍的画面,Scenes to film,,Prompts from one sentence,自己写题目（AI 写瞬间）,
addAnotherPrompt,再加一个题目,Add another prompt,,Prompts from one sentence,自己写题目（AI 写瞬间）,
chooseFromPromptLibrary,从提示库里选,Choose from the prompt library,,Prompts from one sentence,自己写题目（AI 写瞬间）,
promptLibrary,提示库,Prompt library,,Prompts from one sentence,自己写题目（AI 写瞬间）,
customPromptPlaceholder,例如：出门前,For example: before leaving,,Prompts from one sentence,自己写题目（AI 写瞬间）,
everyonesMoments,大家的瞬间,Everyone's moments,,Timeline,故事页 · 顶部,
viewTimeline,时间线视图,Timeline view,,Timeline,故事页 · 九宫格,
viewGrid,网格视图,Grid view,,Timeline,故事页 · 九宫格,
tapToFilm,点一下开拍,Tap to film,,Timeline,故事页 · 时间线上的片段,
clipLengthRow,片段时长,Clip length,,Timeline,新建故事 · 海报和设置,Row labels. `clipLengthHeader` / `orientationHeader` are the older all-caps section headers and wrap awkwardly inside an `OptionRow`.
orientationRow,画面方向,Frame,,Timeline,新建故事 · 海报和设置,
inviteLabel,邀请,Invite,,Timeline,故事页,
stitchingMoment,正在拼接这个瞬间…,Stitching this moment…,,Timeline,StitchedMomentPreview,
appearance,外观,Appearance,,Timeline,设置页「我」,
systemAppearance,跟随系统,System,,Timeline,间接引用（拼在别的文案里）,
lightAppearance,浅色,Light,,Timeline,间接引用（拼在别的文案里）,
darkAppearance,深色,Dark,,Timeline,间接引用（拼在别的文案里）,
appearanceFootnote,只影响 1Day，不改变系统设置。,Applies to 1Day only — your system setting is untouched.,,Timeline,设置页「我」,
displayAndLanguage,显示与语言,Display & Language,,Timeline,设置页「我」,"One heading over the three ""what the app looks and reads like"" rows. Each is a choice you make once, so they get one line apiece and the options live one screen"
inviteCodeLabel,邀请码,Invite code,,Timeline,故事页 · 顶部,
inviteCodeCopied,已复制,Copied,,Timeline,故事页 · 顶部,
previewTheFilm,预览 · \(count) 个瞬间,Preview · \(count) \(momentWord(count)),YES,Timeline,故事页,
momentsFilmed,拍了 \(filmed)/\(total) 个瞬间,\(filmed) of \(total) filmed,YES,Timeline,故事页 · 各行卡片,"The story page: how far the day has got, and the words on the list of moments that are still yours to take."
dayIsFull,这一天拍满了,The day is full,,Timeline,故事页 · 各行卡片,
watchTheFilm,看成片,See the film,,Timeline,故事页 · 各行卡片,"The way into the film, on the one card the page allows itself — and only once there's nothing left to film."
filmFromMoments,\(clips) 个片段，缝成一部,"\(clips) clips, one film",YES,Timeline,故事页 · 各行卡片,
filmedHeader,拍过的,Filmed,,Timeline,故事页,
stillOpenHeader,还没拍的,Still open,,Timeline,故事页,
startHere,先拍这个？,Start here?,,Timeline,故事页 · 各行卡片,"The one row that's a suggestion. A question, because that's all it is — every other row does exactly the same thing when you tap it."
filmThisOne,开拍,Film it,,Timeline,故事页 · 各行卡片,
addYourTake,加上你的,Add yours,,Timeline,故事页 · 各行卡片,A moment a friend already filmed. The thumbnail plays their take; this row is how mine gets in.
watchThisMoment,看这个瞬间,Watch this moment,,Timeline,故事页 · 各行卡片,
retrySync,重新同步,Retry sync,,Timeline,故事页,
moreLabel,更多,More,,Timeline,故事页,
peopleInRoom,只有你在这个房间,Just you in this room,,Shared room,房间成员名字的组装,The roster's caption. A room of one is worth saying out loud — an invite code nobody used looks exactly like a room full of friends until somebody counts the fa
roomWhoFilmed,只有你拍了,You're the only one so far,,Shared room,房间成员名字的组装,"Whether anyone else showed up. Four sentences rather than a count, because ""2 filmed"" answers none of the four things a room is actually being asked: who's here"
roomWaitingOn,在等 \(who),Waiting on \(who),YES,Shared room,房间成员名字的组装,"Who the room is waiting on. One line about people, never a row per moment: which moment they film is theirs to pick."
generatingTitle,正在生成今天的影片 ✨,Making today's film ✨,,Generating,成片生成中,
generatingSubtitle,把你的一天缝在一起,Auto-stitching your day,,Generating,成片生成中,
mergedProgress,已合成 \(done)/\(total) 个瞬间,\(done) of \(total) moments merged,YES,Generating,成片生成中,
stepCollecting,收集瞬间,Collecting moments,,Generating,成片生成中,
stepSyncing,同步大家的片段,Syncing everyone's clips,,Generating,成片生成中,
stepTransitions,加入转场,Adding transitions,,Generating,成片生成中,
stepFinishing,生成你的故事,Creating your story,,Generating,成片生成中,
stitchingCare,正在细心缝合 ✨,Stitching with care ✨,,Generating,成片生成中,
stitchingCareBody,加上柔和的转场，还有刚刚好的气氛。,Adding smooth transitions and the right vibes.,,Generating,成片生成中,
filmReadyTitle,影片准备好了 🎉,Your 1Day film is ready 🎉,,Final film,成片页 · 底部按钮,
filmReadyBody,属于你这一天的小影片。,A beautiful film of your day.,,Final film,成片页 · 底部按钮,
wholeDayHeader,完整的一天,The whole day,,Final film,成片页 · 底部按钮,
saveAction,保存,Save,,Final film,成片页 · 底部按钮,
shareAction,分享,Share,,Final film,成片页 · 底部按钮,
durationLabel,时长,Duration,,Final film,成片页 · 底部按钮,
momentsLabel,瞬间,Moments,,Final film,成片页 · 底部按钮,
peopleLabel,参与者,People,,Final film,成片页 · 底部按钮,
rebuildFilm,重新生成,Rebuild film,,Final film,成片页,
account,账号,Account,,Account,设置页「我」,
about,关于,About,,Account,设置页「我」,
version,版本,Version,,Account,设置页「我」,
privacyPolicy,隐私政策,Privacy Policy,,Account,设置页「我」,
yourNamePlaceholder,朋友看到的名字,What friends see,,Account,设置页「我」,
yourNameFootnote,共享房间里，你的片段会挂在这个名字下。改名只影响以后拍的。,This is the name on your clips in a shared room. Renaming affects clips from here on.,,Account,设置页「我」,
defaultMemberName,朋友,Friend,,Account,AccountStore,"Apple only hands over a name on the very first sign-in. Without one, somebody has to be called something in a room full of friends."
notSignedIn,未登录（只有共享故事需要登录）,Not signed in — only shared stories need it,,Account,设置页「我」,
signIn,登录,Sign in,,Account,设置页「我」,"The way back in. Until this existed, signing out was one-way from here: the only other sign-in gate is the one guarding a shared story."
signOut,退出登录,Sign out,,Account,设置页「我」,
deleteAccount,删除账号,Delete account,,Account,设置页「我」,
deleteAccountTitle,删除账号和所有内容？,Delete your account and everything in it?,,Account,设置页「我」,
deleteAccountWarning,这会永久删除这台设备上的全部故事和片段，以及你在共享房间里上传的片段、回应和评论。朋友们自己的片段会保留，但你的名字会被移除。此操作无法撤销。,"This permanently removes every story and clip on this device, plus the clips, reactions and comments you added to shared rooms. Your friends keep their own clips, but your name is removed. This cannot be undone.",,Account,设置页「我」,
deleteAccountConfirm,永久删除,Delete permanently,,Account,设置页「我」,
deleteAccountFootnote,退出登录只是登出，故事仍留在设备上。删除账号会清空一切。,Signing out just signs you out; your stories stay on this device. Deleting removes everything.,,Account,设置页「我」,
deletingAccount,正在删除…,Deleting…,,Account,设置页「我」,
deleteAccountFailedTitle,没有删干净,Not fully deleted,,Account,设置页「我」,"Said out loud, because the alternative — a spinner that ends and a screen that looks finished — is the app claiming something it can't check. Naming what is sti"
deleteAccountFailedMessage,网络中断，云端还有一部分没删掉。你的故事和视频都还在这台设备上，没有动。连上网络后再试一次，会从断掉的地方接着删。,The connection dropped and some of your records are still in the cloud. Nothing on this device has been touched. Try again when you're back online and it will pick up where it stopped.,,Account,设置页「我」,
deletedMemberName,已注销的用户,A former member,,Account,房间同步失败时的报错,Replaces a departed creator's name on a room their friends still use.
